{
    "avg_prec": {
        "train": 1.0,
        "test": 0.7363036591165062
    },
    "roc_auc": {
        "train": 1.0,
        "test": 0.9284584682581519
    }
}
